{
  "name": "daterangepicker",
  "main": [
    "daterangepicker.js",
    "daterangepicker.css"
  ],
  "ignore": [
    "**/.*",
    "node_modules",
    "bower_components",
    "test",
    "tests",
    "moment.js",
    "moment.min.js"
  ],
  "dependencies": {
    "jquery": "1.9.1 - 3",
    "moment": ">=2.9.0"
  },
  "homepage": "https://github.com/dangrossman/daterangepicker",
  "_release": "bc645d93e8",
  "_resolution": {
    "type": "branch",
    "branch": "master",
    "commit": "bc645d93e837905dcd38b04b8d9123978ea9f571"
  },
  "_source": "git@github.com:dangrossman/daterangepicker.git",
  "_target": "master",
  "_originalSource": "git@github.com:dangrossman/daterangepicker.git"
}